,CVE_DOC,CVE_CLPV,STATUS,CVE_VEND,FECHAELAB,FECHA_DOC,FECHA_ENT,FECHA_VEN,FECHA_CANCELA,CAN_TOT,DES_TOT,DES_FIN
0,F29414,2465,C,1.0,2019-09-03 08:58:42.000,2019-09-03,2019-09-03 00:00:00,2019-09-18,2019-09-04,3980.0,0.0,0.0
1,F29415,3926,C,1.0,2019-09-03 09:55:14.000,2019-09-03,2019-09-03 00:00:00,2019-10-03,2019-09-03,1550.0000000000002,0.0,0.0
2,F29416,3926,C,1.0,2019-09-03 13:25:33.000,2019-09-03,2019-09-03 00:00:00,2019-10-03,2019-09-03,1550.0,0.0,0.0
3,F29417,3926,C,1.0,2019-09-03 13:33:23.000,2019-09-03,2019-09-03 00:00:00,2019-10-03,2019-09-17,1550.0,0.0,0.0
4,F29418,6813,C,2.0,2019-09-03 14:23:45.000,2019-09-03,2019-09-03 00:00:00,2019-09-03,2019-09-10,2435.44,0.0,0.0
6,F29420,6828,C,2.0,2019-09-04 10:53:53.000,2019-09-04,2019-09-04 00:00:00,2019-09-04,2019-09-04,402.59,0.0,0.0
8,F29422,5926,C,2.0,2019-09-04 11:14:44.000,2019-09-04,2019-09-02 00:00:00,2019-09-04,2019-09-04,1606.74,0.0,0.0
9,F29423,5926,C,2.0,2019-09-04 12:23:05.000,2019-09-04,2019-09-02 00:00:00,2019-09-04,2019-09-04,1144.4299999999998,0.0,0.0
12,F29426,6829,C,2.0,2019-09-04 13:19:19.000,2019-09-04,2019-09-04 00:00:00,2019-09-04,2019-09-11,157.75799999999998,0.0,0.0
14,F29428,3686,C,2.0,2019-09-04 16:42:39.000,2019-09-04,2019-09-04 00:00:00,2019-09-19,2019-09-11,1724.137,0.0,0.0
17,F29431,5953,C,2.0,2019-09-05 10:09:49.000,2019-09-05,2019-09-05 00:00:00,2019-09-05,2019-09-11,258.65999999999997,0.0,0.0
18,F29432,1965,C,2.0,2019-09-05 11:05:04.000,2019-09-05,2019-09-05 00:00:00,2019-09-20,2019-09-06,976.5,0.0,0.0
19,F29433,6016,C,2.0,2019-09-05 11:54:36.000,2019-09-05,2019-09-05 00:00:00,2019-09-05,2019-09-11,280.0,0.0,0.0
20,F29434,5928,C,2.0,2019-09-06 09:18:27.000,2019-09-06,2019-09-06 00:00:00,2019-09-21,2019-09-06,224.637,0.0,0.0
22,F29436,1965,C,2.0,2019-09-06 12:01:36.000,2019-09-06,2019-09-06 00:00:00,2019-09-21,2019-09-12,976.5,0.0,0.0
27,F29441,5926,C,2.0,2019-09-09 11:52:59.000,2019-09-09,2019-09-09 00:00:00,2019-09-09,2019-09-11,1602.59,0.0,0.0
32,F29446,3686,C,2.0,2019-09-09 18:03:01.000,2019-09-09,2019-09-09 00:00:00,2019-09-24,2019-09-13,1724.137,0.0,0.0
42,F29456,960,C,2.0,2019-09-10 13:08:53.000,2019-09-10,2019-09-10 00:00:00,2019-09-25,2019-09-10,1059.8700000000001,0.0,0.0
43,F29457,960,C,2.0,2019-09-10 13:14:49.000,2019-09-10,2019-09-10 00:00:00,2019-09-25,2019-09-10,1059.8700000000001,0.0,0.0
48,F29462,6830,C,2.0,2019-09-10 15:04:34.000,2019-09-10,2019-09-10 00:00:00,2019-09-10,2019-09-12,7140.540000000001,0.0,0.0
49,F29463,925,C,1.0,2019-09-10 18:12:13.000,2019-09-10,2019-09-10 00:00:00,2019-11-09,2019-09-12,1800.0000000000002,0.0,0.0
71,F29485,1965,C,2.0,2019-09-12 12:14:28.000,2019-09-12,2019-09-12 00:00:00,2019-09-27,2019-09-12,976.5000000000001,146.48,0.0
86,F29500,4563,C,2.0,2019-09-13 11:05:27.000,2019-09-13,2019-09-13 00:00:00,2019-09-13,2019-09-13,4464.8,0.0,0.0
88,F29502,5485,C,3.0,2019-09-13 12:10:36.000,2019-09-13,2019-09-13 00:00:00,2019-09-13,2019-09-17,252.15600000000003,0.0,0.0
119,F29533,43,C,1.0,2019-09-18 10:42:58.000,2019-09-18,2019-09-18 00:00:00,2019-10-18,2019-09-26,17230.0,0.0,0.0
140,F29554,5068,C,2.0,2019-09-19 12:28:34.000,2019-09-19,2019-09-13 00:00:00,2019-11-03,2019-10-04,35725.0,0.0,0.0
144,F29558,5739,C,1.0,2019-09-19 13:43:48.000,2019-09-19,2019-09-19 00:00:00,2019-11-18,2019-09-19,19000.0,0.0,0.0
145,F29559,5739,C,1.0,2019-09-19 13:45:50.000,2019-09-19,2019-09-19 00:00:00,2019-11-18,2019-10-02,4410.0,0.0,0.0
156,F29570,6842,C,2.0,2019-09-20 11:20:53.000,2019-09-20,2019-09-20 00:00:00,2019-09-20,2019-09-20,568.11,0.0,0.0
159,F29573,728,C,1.0,2019-09-20 11:55:55.000,2019-09-20,2019-09-20 00:00:00,2019-11-19,2019-09-20,33499.200000000004,5024.88,0.0
164,F29578,5926,C,3.0,2019-09-20 12:42:25.000,2019-09-20,2019-09-20 00:00:00,2019-09-20,2019-09-30,777.1,0.0,0.0
189,F29603,3222,C,3.0,2019-09-23 10:48:14.000,2019-09-23,2019-09-23 00:00:00,2019-09-23,2019-09-23,1363.2600000000002,0.0,0.0
198,F29612,664,C,2.0,2019-09-23 13:43:03.000,2019-09-23,2019-09-25 00:00:00,2019-10-08,2019-09-23,10463.01,0.0,0.0
199,F29613,664,C,2.0,2019-09-23 13:45:05.000,2019-09-23,2019-09-18 00:00:00,2019-10-08,2019-09-23,4232.25,0.0,0.0
201,F29615,664,C,2.0,2019-09-23 13:56:43.000,2019-09-23,2019-09-18 00:00:00,2019-10-08,2019-09-23,4232.25,0.0,0.0
214,F29628,4427,C,1.0,2019-09-24 12:05:34.000,2019-09-24,2019-09-24 00:00:00,2019-09-24,2019-09-24,287.1,0.0,0.0
230,F29644,6852,C,2.0,2019-09-25 12:29:02.000,2019-09-25,2019-09-25 00:00:00,2019-09-25,2019-09-25,1269.88,0.0,0.0
261,F29675,2029,C,3.0,2019-09-27 09:47:42.000,2019-09-27,2019-09-27 00:00:00,2019-10-12,2019-09-27,21024.0,0.0,0.0
272,F29686,4563,C,2.0,2019-09-27 16:09:53.000,2019-09-27,2019-09-27 00:00:00,2019-09-27,2019-09-30,3662.76,0.0,0.0
356,F29772,2265,C,2.0,2019-10-03 17:24:07.000,2019-10-03,2019-10-03 00:00:00,2019-10-18,2019-10-03,1701.9,0.0,0.0
411,F29827,1852,C,2.0,2019-10-08 11:29:07.000,2019-10-08,2019-10-08 00:00:00,2019-10-23,2019-10-08,659.8,0.0,0.0
442,F29858,6435,C,6.0,2019-10-10 12:01:24.000,2019-10-10,2019-09-10 00:00:00,2019-10-10,2019-10-10,301.36106,0.0,0.0
448,F29864,664,C,2.0,2019-10-10 14:17:24.000,2019-10-10,2019-10-10 00:00:00,2019-10-25,2019-10-10,4232.25,0.0,0.0
458,F29874,417,C,2.0,2019-10-11 09:19:12.000,2019-10-11,2019-10-11 00:00:00,2019-10-26,2019-10-11,6221.800000000001,0.0,0.0
490,F29906,1686,C,2.0,2019-10-15 10:47:54.000,2019-10-15,2019-10-08 00:00:00,2019-10-15,2019-10-15,315.0,0.0,0.0
509,F29925,6878,C,2.0,2019-10-16 18:25:54.000,2019-10-16,2019-10-16 00:00:00,2019-10-16,2019-10-17,1249.0,0.0,0.0
516,F29932,4779,C,1.0,2019-10-17 10:33:14.000,2019-10-17,2019-10-17 00:00:00,2019-11-16,2019-10-17,24408.0,0.0,0.0
568,F29984,3108,C,2.0,2019-10-22 17:16:44.000,2019-10-22,2019-10-08 00:00:00,2019-10-22,2019-10-22,1358.41,0.0,0.0
602,F30018,6892,C,2.0,2019-10-24 11:01:28.000,2019-10-24,2019-10-24 00:00:00,2019-10-24,2019-10-24,450.862,0.0,0.0
679,F30095,6906,C,2.0,2019-10-31 10:34:46.000,2019-10-31,2019-10-31 00:00:00,2019-10-31,2019-11-01,3475.5172,0.0,0.0
742,F30158,5926,C,2.0,2019-11-05 13:02:37.000,2019-11-05,2019-11-05 00:00:00,2019-11-05,2019-11-07,276.0,0.0,0.0
761,F30177,6915,C,2.0,2019-11-07 10:07:03.000,2019-11-07,2019-11-07 00:00:00,2019-11-07,2019-11-07,644.0,0.0,0.0
770,F30186,6211,C,2.0,2019-11-07 12:56:12.000,2019-11-07,2019-11-07 00:00:00,2019-11-07,2019-11-08,406.0,0.0,0.0
795,F30211,2846,C,2.0,2019-11-11 14:20:47.000,2019-11-11,2019-11-11 00:00:00,2019-11-11,2019-11-12,918.7500000000001,0.0,0.0
801,F30217,5593,C,2.0,2019-11-11 17:12:26.000,2019-11-11,2019-11-07 00:00:00,2019-11-26,2019-11-12,6336.800000000001,0.0,0.0
884,F30300,6938,C,2.0,2019-11-20 10:37:42.000,2019-11-20,2019-11-20 00:00:00,2019-11-20,2019-11-20,926.4700000000001,0.0,0.0
897,F30313,3222,C,3.0,2019-11-20 17:46:32.000,2019-11-20,2019-11-20 00:00:00,2019-11-20,2019-11-20,1855.3600000000001,0.0,0.0
905,F30321,6934,C,2.0,2019-11-21 10:47:14.000,2019-11-21,2019-11-15 00:00:00,2019-11-21,2019-11-21,727.8900000000001,0.0,0.0
913,F30329,6788,C,2.0,2019-11-21 13:40:00.000,2019-11-21,2019-11-21 00:00:00,2019-11-21,2019-11-29,1449.42,0.0,0.0
923,F30339,6942,C,2.0,2019-11-22 09:21:23.000,2019-11-22,2019-11-22 00:00:00,2019-11-22,2019-11-22,1418.98,0.0,0.0
937,F30353,6944,C,2.0,2019-11-22 13:18:27.000,2019-11-22,2019-11-22 00:00:00,2019-11-22,2019-11-22,2564.655,0.0,0.0
978,F30394,6950,C,2.0,2019-11-26 17:54:52.000,2019-11-26,2019-11-26 00:00:00,2019-11-26,2019-11-28,9353.45,0.0,0.0
985,F30401,2901,C,2.0,2019-11-27 12:56:42.000,2019-11-27,2019-11-13 00:00:00,2019-12-27,2019-11-27,1127.65,0.0,0.0
1001,F30417,6205,C,2.0,2019-11-28 09:57:15.000,2019-11-28,2019-11-22 00:00:00,2019-11-28,2019-11-28,19600.0,0.0,0.0
1014,F30430,5928,C,2.0,2019-11-28 16:41:03.000,2019-11-28,2019-11-22 00:00:00,2019-12-13,2019-11-28,2625.0,0.0,0.0
1024,F30440,3437,C,2.0,2019-11-29 12:48:21.000,2019-11-29,2019-11-29 00:00:00,2019-11-29,2019-11-29,1470.15,0.0,0.0
1045,F30461,5926,C,2.0,2019-11-29 18:31:19.000,2019-11-29,2019-11-29 00:00:00,2019-11-29,2019-12-02,332.52,0.0,0.0
1074,F30490,3032,C,2.0,2019-12-04 12:45:54.000,2019-12-04,2019-11-29 00:00:00,2019-12-04,2019-12-04,1417.5,0.0,0.0
1122,F30538,2465,C,1.0,2019-12-10 10:12:49.000,2019-12-10,2019-12-11 00:00:00,2019-12-25,2019-12-10,6834.0,0.0,0.0
1162,F30578,6969,C,3.0,2019-12-16 10:05:49.000,2019-12-16,2019-12-16 00:00:00,2019-12-16,2019-12-20,694.0,0.0,0.0
1166,F30582,5165,C,1.0,2019-12-16 11:22:34.000,2019-12-16,2019-12-11 00:00:00,2020-01-15,2019-12-18,1000.0,0.0,0.0
1168,F30584,6971,C,3.0,2019-12-16 13:42:04.000,2019-12-16,2019-12-16 00:00:00,2019-12-16,2019-12-16,2695.0,0.0,0.0
1170,F30586,5894,C,3.0,2019-12-16 14:23:52.000,2019-12-16,2019-12-16 00:00:00,2020-01-15,2019-12-16,3483.7799999999997,0.0,0.0
1197,F30613,806,C,2.0,2019-12-17 16:16:09.000,2019-12-17,2019-12-02 00:00:00,2020-01-01,2019-12-18,3029.2799999999997,0.0,0.0
1202,F30618,871,C,1.0,2019-12-18 08:01:56.000,2019-12-18,2019-12-13 00:00:00,2020-01-02,2019-12-18,2835.0,0.0,0.0
1226,F30642,6342,C,2.0,2019-12-19 13:59:50.000,2019-12-19,2019-12-19 00:00:00,2019-12-19,2019-12-20,228.0,0.0,0.0
1245,F30661,5926,C,2.0,2019-12-20 16:21:59.000,2019-12-20,2019-12-20 00:00:00,2019-12-20,2020-01-02,1034.48,0.0,0.0
1248,F30664,5926,C,2.0,2019-12-20 16:35:07.000,2019-12-20,2019-12-20 00:00:00,2019-12-20,2020-01-02,14600.0,0.0,0.0
1343,F30759,2465,C,1.0,2020-01-10 10:21:12.000,2020-01-10,2020-01-10 00:00:00,2020-01-25,2020-01-22,4230.0,0.0,0.0
1365,F30781,4430,C,1.0,2020-01-14 10:00:27.000,2020-01-14,2020-01-14 00:00:00,2020-01-14,2020-02-06,7771.0,0.0,0.0
1465,F30881,989,C,2.0,2020-01-22 17:11:36.000,2020-01-22,2020-01-13 00:00:00,2020-02-06,2020-01-22,1640.0000000000002,0.0,0.0
1503,F30919,7020,C,3.0,2020-01-27 13:32:28.000,2020-01-27,2020-01-27 00:00:00,2020-01-27,2020-01-30,14322.44,0.0,0.0
1562,F30978,6588,C,2.0,2020-01-31 17:25:48.000,2020-01-31,2020-01-31 00:00:00,2020-01-31,2020-01-31,851.8960000000001,0.0,0.0
1574,F30990,5926,C,2.0,2020-01-31 18:43:18.000,2020-01-31,2020-01-31 00:00:00,2020-01-31,2020-01-31,689.6551000000001,0.0,0.0
1594,F31010,7043,C,2.0,2020-02-05 13:40:53.000,2020-02-05,2020-02-05 00:00:00,2020-02-05,2020-02-06,414.4,0.0,0.0
1614,F31030,4420,C,2.0,2020-02-06 10:53:51.000,2020-02-06,2020-02-06 00:00:00,2020-02-06,2020-02-06,595.0,0.0,0.0
1620,F31036,4480,C,2.0,2020-02-06 12:14:24.000,2020-02-06,2020-02-06 00:00:00,2020-02-21,2020-02-14,9965.45,0.0,0.0
1660,F31076,7052,C,2.0,2020-02-10 13:25:16.000,2020-02-10,2020-02-10 00:00:00,2020-02-10,2020-02-10,634.0500000000001,0.0,0.0
1668,F31084,5603,C,2.0,2020-02-11 09:54:43.000,2020-02-11,2020-02-06 00:00:00,2020-02-11,2020-02-19,5073.700000000001,0.0,0.0
1673,F31089,6921,C,2.0,2020-02-11 13:11:39.000,2020-02-11,2020-02-11 00:00:00,2020-02-11,2020-02-11,189.00000000000003,0.0,0.0
1750,F31166,4668,C,2.0,2020-02-18 09:17:41.000,2020-02-18,2020-02-10 00:00:00,2020-02-18,2020-02-18,2762.9399999999996,0.0,0.0
1819,F31235,7068,C,2.0,2020-02-21 17:51:40.000,2020-02-21,2020-02-21 00:00:00,2020-02-21,2020-02-27,227.50000000000003,0.0,0.0
1835,F31251,7072,C,2.0,2020-02-24 13:53:52.000,2020-02-24,2020-02-24 00:00:00,2020-02-24,2020-02-27,592.091,0.0,0.0
1879,F31295,7079,C,2.0,2020-02-27 10:57:05.000,2020-02-27,2020-02-27 00:00:00,2020-02-27,2020-02-28,301.73,0.0,0.0
1941,F31357,5926,C,2.0,2020-02-28 19:27:20.000,2020-02-28,2020-02-28 00:00:00,2020-02-28,2020-03-02,2840.0,0.0,0.0
1945,F31361,5926,C,2.0,2020-02-28 19:39:58.000,2020-02-28,2020-02-28 00:00:00,2020-02-28,2020-03-02,442.1724,0.0,0.0
1963,F31379,7085,C,2.0,2020-03-03 12:28:29.000,2020-03-03,2020-03-02 00:00:00,2020-03-03,2020-03-03,637.0,0.0,0.0
2000,F31416,7020,C,3.0,2020-03-05 09:33:35.000,2020-03-05,2020-02-28 00:00:00,2020-03-05,2020-03-09,7228.6,0.0,0.0
2085,F31501,6396,C,3.0,2020-03-13 11:56:24.000,2020-03-13,2020-03-13 00:00:00,2020-03-13,2020-03-27,2999.73,0.0,0.0
2164,F31580,9,C,3.0,2020-03-23 11:05:27.000,2020-03-23,2020-03-11 00:00:00,2020-04-22,2020-03-24,3493.7500000000005,0.0,0.0
2262,F31678,5926,C,2.0,2020-03-31 17:14:49.000,2020-03-31,2020-03-31 00:00:00,2020-03-31,2020-04-01,3413.0517000000004,0.0,0.0
2264,F31680,180,C,3.0,2020-03-31 17:20:26.000,2020-03-31,2020-03-31 00:00:00,2020-04-15,2020-03-31,8326.5172,0.0,0.0
2268,F31684,7026,C,2.0,2020-03-31 17:31:41.000,2020-03-31,2020-03-31 00:00:00,2020-03-31,2020-04-01,4287.5,0.0,0.0
2271,F31687,180,C,3.0,2020-03-31 17:39:18.000,2020-03-31,2020-03-31 00:00:00,2020-04-15,2020-03-31,8326.5172,0.0,0.0
2277,F31693,4712,C,2.0,2020-04-02 08:23:04.000,2020-04-02,2020-03-23 00:00:00,2020-05-17,2020-04-02,2592.0,0.0,0.0
2300,F31716,2465,C,1.0,2020-04-08 08:55:50.000,2020-04-08,2020-04-08 00:00:00,2020-04-23,2020-04-16,2064.8,0.0,0.0
2345,F31761,5926,C,2.0,2020-04-27 14:05:40.000,2020-04-27,2020-04-27 00:00:00,2020-04-27,2020-04-29,7417.1,0.0,0.0
2488,F31904,8040,C,3.0,2020-05-29 13:41:49.000,2020-05-29,2020-05-29 00:00:00,2020-05-29,2020-06-03,5454.146500000001,0.0,0.0
2517,F31933,1965,C,2.0,2020-06-05 09:17:57.000,2020-06-05,2020-05-26 00:00:00,2020-06-20,2020-06-05,1922.25,288.34000000000003,0.0
2555,F31971,8040,C,3.0,2020-06-12 13:38:34.000,2020-06-12,2020-06-12 00:00:00,2020-06-12,2020-06-12,704.2875000000001,0.0,0.0
2591,F32007,8054,C,2.0,2020-06-17 14:58:41.000,2020-06-17,2020-06-17 00:00:00,2020-06-17,2020-06-22,1037.94,0.0,0.0
2647,F32063,2355,C,10.0,2020-06-24 14:59:46.000,2020-06-24,2020-06-24 00:00:00,2020-06-24,2020-06-25,1.0,0.0,0.0
2662,F32078,993,C,2.0,2020-06-26 09:59:54.000,2020-06-26,2020-06-17 00:00:00,2020-07-11,2020-06-26,5100.150000000001,0.0,0.0
2694,F32110,8045,C,2.0,2020-06-30 13:43:34.000,2020-06-30,2020-06-30 00:00:00,2020-06-30,2020-07-01,678.0172,0.0,0.0
2716,F32132,8074,C,2.0,2020-07-01 15:31:32.000,2020-07-01,2020-07-01 00:00:00,2020-07-01,2020-07-01,4706.4,0.0,0.0
2719,F32135,8074,C,2.0,2020-07-01 17:02:31.000,2020-07-01,2020-07-01 00:00:00,2020-07-01,2020-07-02,4702.0,0.0,0.0
2749,F32165,5141,C,2.0,2020-07-03 14:14:26.000,2020-07-03,2020-03-12 00:00:00,2020-07-03,2020-07-17,1117.8500000000001,0.0,0.0
2804,F32220,52,C,2.0,2020-07-10 17:35:58.000,2020-07-10,2020-06-25 00:00:00,2020-07-10,2020-07-13,1427.6000000000001,0.0,0.0
2805,F32221,52,C,2.0,2020-07-10 17:39:59.000,2020-07-10,2020-06-25 00:00:00,2020-07-10,2020-07-13,1427.6,0.0,0.0
2821,F32237,2963,C,2.0,2020-07-13 17:28:47.000,2020-07-13,2020-07-13 00:00:00,2020-07-13,2020-07-14,3062.9700000000003,0.0,0.0
2829,F32245,3916,C,1.0,2020-07-14 14:02:46.000,2020-07-14,2020-07-14 00:00:00,2020-07-29,2020-07-14,2390.0,0.0,0.0
3006,F32422,4430,C,1.0,2020-07-31 14:57:30.000,2020-07-31,2020-07-31 00:00:00,2020-07-31,2020-08-28,9480.0,0.0,0.0
3041,F32457,6451,C,3.0,2020-08-05 16:03:35.890,2020-08-05,2020-07-31 00:00:00,2020-08-13,2020-08-05,3950.0000000000005,0.0,0.0
3047,F32463,8108,C,6.0,2020-08-05 17:56:28.243,2020-08-05,2020-08-05 00:00:00,2020-08-05,2020-08-10,3920.0000000000005,0.0,0.0
3053,F32469,5644,C,2.0,2020-08-07 09:03:12.307,2020-08-07,2020-08-07 00:00:00,2020-08-22,2020-09-04,4990.0,0.0,0.0
3061,F32477,4000,C,2.0,2020-08-07 13:56:05.237,2020-08-07,2020-07-29 00:00:00,2020-08-07,2020-08-07,6693.88,0.0,0.0
3125,F32541,4430,C,2.0,2020-08-14 16:45:43.400,2020-08-14,2020-08-03 00:00:00,2020-08-14,2020-08-20,1896.0,0.0,0.0
3154,F32570,8121,C,2.0,2020-08-19 13:19:06.770,2020-08-19,2020-08-19 00:00:00,2020-08-19,2020-08-19,406.46000000000004,0.0,0.0
3237,F32653,8129,C,2.0,2020-08-27 09:39:24.883,2020-08-27,2020-08-27 00:00:00,2020-08-27,2020-08-31,243.10125,0.0,0.0
3250,F32666,5233,C,2.0,2020-08-27 17:09:33.400,2020-08-27,2020-08-12 00:00:00,2020-08-27,2020-08-27,4992.68,0.0,0.0
3265,F32681,6658,C,2.0,2020-08-31 09:26:20.883,2020-08-31,2020-08-31 00:00:00,2020-08-31,2020-08-31,230.0,0.0,0.0
3266,F32682,4810,C,2.0,2020-08-31 11:07:38.523,2020-08-31,2020-08-18 00:00:00,2020-09-15,2020-08-31,26413.0,0.0,0.0
3267,F32683,1802,C,10.0,2020-08-31 13:27:01.277,2020-08-31,2020-08-31 00:00:00,2020-08-31,2020-08-31,8.0,0.0,0.0
3272,F32688,8109,C,2.0,2020-08-31 14:07:36.507,2020-08-31,2020-08-31 00:00:00,2020-08-31,2020-08-31,258.62,0.0,0.0
3283,F32699,3943,C,2.0,2020-08-31 15:08:26.480,2020-08-31,2020-08-31 00:00:00,2020-08-31,2020-08-31,1485.3448,0.0,0.0
3284,F32700,8109,C,2.0,2020-08-31 15:15:27.253,2020-08-31,2020-08-31 00:00:00,2020-08-31,2020-08-31,1485.3448,0.0,0.0
3462,F32878,3846,C,6.0,2020-09-21 16:46:13.747,2020-09-21,2020-09-17 00:00:00,2020-10-21,2020-09-28,5754.0,0.0,0.0
3588,F33004,6080,C,2.0,2020-10-02 13:54:05.127,2020-10-02,2020-10-02 00:00:00,2020-10-02,2020-10-02,3605.715,0.0,0.0
3599,F33015,1539,C,2.0,2020-10-05 09:35:36.660,2020-10-05,2020-10-01 00:00:00,2020-11-04,2020-10-07,1960.0,0.0,0.0
3668,F33084,484,C,2.0,2020-10-12 12:50:17.060,2020-10-12,2020-10-12 00:00:00,2020-10-27,2020-10-30,6012.27,0.0,0.0
3868,F33284,3009,C,6.0,2020-10-30 09:08:54.450,2020-10-30,2020-10-30 00:00:00,2020-10-30,2020-10-30,172.39091100000002,0.0,0.0
3905,F33321,253,C,6.0,2020-11-04 13:26:11.453,2020-11-04,2020-11-03 00:00:00,2020-12-19,2020-11-04,2700.0,0.0,0.0
3968,F33384,1016,C,6.0,2020-11-12 09:41:24.147,2020-11-12,2020-11-03 00:00:00,2020-11-12,2020-11-17,1530.0000000000002,0.0,0.0
3979,F33395,1539,C,6.0,2020-11-13 09:09:38.653,2020-11-13,2020-11-13 00:00:00,2020-12-13,2020-11-18,51180.00000000001,0.0,0.0
3984,F33400,1016,C,6.0,2020-11-13 12:37:40.927,2020-11-13,2020-11-17 00:00:00,2020-11-13,2020-11-17,5610.000000000001,0.0,0.0
4166,F33582,7053,C,3.0,2020-11-30 17:33:16.163,2020-11-30,2020-11-30 00:00:00,2020-11-30,2021-02-12,1637.931,0.0,0.0
4233,F33649,3446,C,2.0,2020-12-07 11:25:31.597,2020-12-07,2020-12-07 00:00:00,2020-12-07,2020-12-08,2361.9896900000003,0.0,0.0
4239,F33655,5926,C,2.0,2020-12-07 14:40:03.827,2020-12-07,2020-12-07 00:00:00,2020-12-07,2020-12-09,645.6781000000001,0.0,0.0
4301,F33717,8262,C,6.0,2020-12-14 14:02:12.490,2020-12-14,2020-12-14 00:00:00,2020-12-14,2020-12-14,892.0,0.0,0.0
4344,F33760,5894,C,6.0,2020-12-18 08:40:50.543,2020-12-18,2020-12-18 00:00:00,2021-01-17,2020-12-21,4490.0,0.0,0.0
4357,F33773,8262,C,2.0,2020-12-18 17:56:50.783,2020-12-18,2020-12-18 00:00:00,2020-12-18,2020-12-21,1152.22,0.0,0.0
4417,F33833,5644,C,2.0,2021-01-06 14:24:27.497,2021-01-06,2021-01-06 00:00:00,2021-01-21,2021-02-25,4990.0,0.0,0.0
4426,F33842,3074,C,2.0,2021-01-07 12:34:57.907,2021-01-07,2021-01-07 00:00:00,2021-01-22,2021-01-13,218.75,0.0,0.0
4533,F33949,417,C,2.0,2021-01-21 08:07:21.993,2021-01-21,2021-01-15 00:00:00,2021-02-05,2021-01-22,6300.0,0.0,0.0
4550,F33966,5045,C,2.0,2021-01-22 12:45:39.027,2021-01-22,2021-01-19 00:00:00,2021-01-22,2021-01-27,1577.5800000000002,0.0,0.0
4596,F34012,0,C,2.0,2021-01-27 16:33:41.007,2021-01-27,2021-01-27 00:00:00,2021-01-27,2021-02-09,1560.0000000000002,0.0,0.0
4643,F34059,8229,C,2.0,2021-01-29 13:41:00.520,2021-01-29,2021-01-29 00:00:00,2021-01-29,2021-01-29,3637.5000000000005,0.0,0.0
4670,F34086,5423,C,6.0,2021-02-03 08:31:32.810,2021-02-03,2021-02-03 00:00:00,2021-03-05,2021-02-16,3150.0000000000005,0.0,0.0
4684,F34100,5944,C,2.0,2021-02-04 09:44:39.473,2021-02-04,2021-02-04 00:00:00,2021-02-04,2021-02-04,949.6419999999999,0.0,0.0
4700,F34116,5926,C,2.0,2021-02-04 16:39:58.977,2021-02-04,2021-02-03 00:00:00,2021-02-04,2021-02-05,1127.476,0.0,0.0
4706,F34122,5926,C,2.0,2021-02-05 11:09:19.910,2021-02-05,2021-02-03 00:00:00,2021-02-05,2021-02-26,329.576,0.0,0.0
4747,F34163,3388,C,2.0,2021-02-10 13:54:42.310,2021-02-10,2021-02-03 00:00:00,2021-02-10,2021-02-19,22695.000000000004,0.0,0.0
4763,F34179,6777,C,2.0,2021-02-12 10:50:19.760,2021-02-12,2021-02-12 00:00:00,2021-02-12,2021-02-26,120.00000000000001,0.0,0.0
4846,F34262,5644,C,2.0,2021-02-19 09:49:44.273,2021-02-19,2021-02-19 00:00:00,2021-02-19,2021-02-19,4990.0,0.0,0.0
4881,F34297,4675,C,6.0,2021-02-23 11:50:42.130,2021-02-23,2021-01-22 00:00:00,2021-03-25,2021-06-03,8918.000000000002,0.0,0.0
4916,F34332,5926,C,2.0,2021-02-24 16:19:49.490,2021-02-24,2020-08-03 00:00:00,2021-02-24,2021-02-25,1160.0,0.0,0.0
4964,F34380,5918,C,6.0,2021-03-01 12:46:02.387,2021-03-01,2021-03-01 00:00:00,2021-03-01,2021-03-30,1417.5000000000002,0.0,0.0
5066,F34482,6451,C,3.0,2021-03-10 10:46:00.413,2021-03-10,2021-03-10 00:00:00,2021-03-18,2021-03-11,4250.0,0.0,0.0
5076,F34492,8282,C,2.0,2021-03-10 16:28:29.813,2021-03-10,2021-03-10 00:00:00,2021-03-10,2021-03-16,2655.6000000000004,0.0,0.0
5230,F34646,8297,C,2.0,2021-03-29 11:12:01.023,2021-03-29,2021-03-29 00:00:00,2021-03-29,2021-03-30,700.8620000000001,0.0,0.0
5410,F34826,5926,C,2.0,2021-04-20 10:36:09.097,2021-04-20,2021-04-09 00:00:00,2021-04-20,2021-04-23,4805.900000000001,0.0,0.0
5454,F34870,1965,C,2.0,2021-04-23 09:30:52.877,2021-04-23,2021-04-23 00:00:00,2021-05-23,2021-04-26,2563.75,303.56,0.0
5456,F34872,1965,C,2.0,2021-04-23 09:36:28.683,2021-04-23,2021-04-23 00:00:00,2021-05-23,2021-04-26,1888.75,202.31,0.0
5475,F34891,6941,C,6.0,2021-04-26 13:50:05.223,2021-04-26,2021-03-30 00:00:00,2021-05-26,2021-04-28,5962.500000000001,0.0,0.0
5488,F34904,4082,C,2.0,2021-04-27 16:38:32.773,2021-04-27,2021-04-27 00:00:00,2021-04-27,2021-04-28,250.00000000000003,0.0,0.0
5530,F34946,5926,C,2.0,2021-04-30 16:51:25.650,2021-04-30,2021-04-15 00:00:00,2021-04-30,2021-04-30,1878.2150000000001,0.0,0.0
5531,F34947,5926,C,2.0,2021-04-30 16:57:34.837,2021-04-30,2021-04-23 00:00:00,2021-04-30,2021-07-26,733.21,0.0,0.0
5544,F34960,8257,C,6.0,2021-05-04 12:17:47.163,2021-05-04,2021-03-23 00:00:00,2021-05-04,2021-07-06,8796.0,0.0,0.0
5557,F34973,2316,C,2.0,2021-05-04 16:45:50.803,2021-05-04,2021-05-04 00:00:00,2021-05-04,2021-05-04,2079.0,0.0,0.0
5593,F35009,6451,C,3.0,2021-05-11 08:17:19.063,2021-05-11,2021-05-04 00:00:00,2021-05-19,2021-05-11,5250.0,0.0,0.0
5654,F35070,3228,C,2.0,2021-05-18 10:29:22.557,2021-05-18,2021-05-13 00:00:00,2021-06-17,2021-05-18,2379.6820000000002,0.0,0.0
5672,F35088,8109,C,2.0,2021-05-19 14:07:39.810,2021-05-19,2021-05-19 00:00:00,2021-05-19,2021-05-19,914.4,0.0,0.0
5678,F35094,5650,C,2.0,2021-05-19 16:04:11.097,2021-05-19,2021-03-08 00:00:00,2021-05-19,2021-05-20,1435.0,0.0,0.0
5687,F35103,4539,C,2.0,2021-05-20 14:28:54.603,2021-05-20,2021-05-20 00:00:00,2021-05-20,2021-05-20,2642.6450000000004,0.0,0.0
5695,F35111,3571,C,3.0,2021-05-21 08:55:38.983,2021-05-21,2021-05-20 00:00:00,2021-06-20,2021-05-24,1030.9080000000001,0.0,0.0
5740,F35156,2837,C,2.0,2021-05-26 08:19:01.460,2021-05-26,2021-05-26 00:00:00,2021-05-26,2021-05-26,409.7056,0.0,0.0
5744,F35160,2837,C,2.0,2021-05-26 09:48:09.890,2021-05-26,2021-05-26 00:00:00,2021-05-26,2021-05-27,409.7056,0.0,0.0
5789,F35205,4527,C,2.0,2021-05-31 14:15:27.783,2021-05-31,2021-06-07 00:00:00,2021-05-31,2021-05-31,34364.0,0.0,0.0
5799,F35215,6895,C,2.0,2021-05-31 17:27:47.660,2021-05-31,2021-05-31 00:00:00,2021-05-31,2021-06-02,340.45680000000004,0.0,0.0
5816,F35232,3630,C,2.0,2021-06-02 12:58:48.790,2021-06-02,2021-06-02 00:00:00,2021-06-17,2021-06-03,120.00000000000001,0.0,0.0
5820,F35236,2221,C,2.0,2021-06-02 14:20:22.313,2021-06-02,2021-06-02 00:00:00,2021-06-02,2021-06-03,480.00000000000006,0.0,0.0
5828,F35244,4563,C,2.0,2021-06-03 14:04:45.417,2021-06-03,2021-05-24 00:00:00,2021-06-11,2021-06-03,6671.552800000001,0.0,0.0
5853,F35269,6169,C,2.0,2021-06-08 17:05:57.940,2021-06-08,2021-06-08 00:00:00,2021-06-08,2021-06-09,294.5,0.0,0.0
5887,F35303,8366,C,2.0,2021-06-11 16:03:44.947,2021-06-11,2021-06-11 00:00:00,2021-06-11,2021-06-11,227.50000000000003,0.0,0.0
5953,F35369,5106,C,2.0,2021-06-21 16:54:13.523,2021-06-21,2021-06-21 00:00:00,2021-06-21,2021-06-22,504.00000000000006,0.0,0.0
5956,F35372,9,C,2.0,2021-06-22 09:22:29.127,2021-06-22,2021-06-15 00:00:00,2021-07-22,2021-06-24,1900.0000000000002,0.0,0.0
5970,F35386,8379,C,2.0,2021-06-23 14:45:50.337,2021-06-23,2021-06-23 00:00:00,2021-06-23,2021-06-24,500.0,0.0,0.0
6021,F35437,8288,C,2.0,2021-06-29 15:13:25.697,2021-06-29,2021-06-29 00:00:00,2021-06-29,2021-06-29,7862.500000000001,0.0,0.0
6072,F35488,6572,C,6.0,2021-07-02 16:29:30.713,2021-07-02,2021-07-02 00:00:00,2021-07-05,2021-07-02,1428.0000000000002,0.0,0.0
6084,F35500,5926,C,2.0,2021-07-06 11:04:22.523,2021-07-06,2021-06-14 00:00:00,2021-07-06,2021-07-06,3782.3972200000003,0.0,0.0
6085,F35501,5926,C,2.0,2021-07-06 11:13:12.370,2021-07-06,2021-06-14 00:00:00,2021-07-06,2021-07-06,3114.2054000000003,0.0,0.0
6091,F35507,1539,C,3.0,2021-07-06 13:14:45.053,2021-07-06,2021-06-24 00:00:00,2021-08-05,2021-07-26,17850.0,0.0,0.0
6133,F35549,8257,C,6.0,2021-07-12 11:56:50.573,2021-07-12,2021-07-12 00:00:00,2021-08-11,2021-07-14,5684.000000000001,0.0,0.0
6201,F35617,5484,C,2.0,2021-07-20 16:55:08.783,2021-07-20,2021-07-20 00:00:00,2021-07-20,2021-07-20,2187.63,0.0,0.0
6244,F35660,3686,C,2.0,2021-07-26 13:07:04.963,2021-07-26,2021-07-23 00:00:00,2021-08-10,2021-07-26,3319.5,0.0,0.0
6364,F35780,5926,C,3.0,2021-08-06 08:58:28.570,2021-08-06,2021-08-06 00:00:00,2021-08-06,2021-08-06,192.50000000000003,0.0,0.0
6397,F35813,8377,C,2.0,2021-08-11 16:46:23.127,2021-08-11,2021-08-11 00:00:00,2021-08-11,2021-08-11,2615.36,0.0,0.0
6446,F35862,5926,C,2.0,2021-08-17 08:26:37.050,2021-08-17,2021-03-29 00:00:00,2021-08-17,2021-08-17,752.46,0.0,0.0
6452,F35868,5968,C,1.0,2021-08-17 12:19:25.357,2021-08-17,2021-08-17 00:00:00,2021-09-16,2021-08-17,350.00000000000006,0.0,0.0
6498,F35914,5926,C,2.0,2021-08-20 17:22:27.683,2021-08-20,2021-08-20 00:00:00,2021-08-20,2021-08-23,599.1432000000001,0.0,0.0
6509,F35925,8432,C,2.0,2021-08-23 15:00:58.187,2021-08-23,2021-08-23 00:00:00,2021-08-23,2021-08-23,649.0,0.0,0.0
6607,F36023,5573,C,6.0,2021-09-01 09:29:00.490,2021-09-01,2021-08-24 00:00:00,2021-10-01,2021-09-01,1650.0,0.0,0.0
6720,F36136,5926,C,2.0,2021-09-14 09:18:28.837,2021-09-14,2021-09-21 00:00:00,2021-09-14,2021-09-14,1931.19,0.0,0.0
6811,F36227,8458,C,2.0,2021-09-23 16:47:20.510,2021-09-23,2021-09-23 00:00:00,2021-09-23,2021-09-23,1650.0,0.0,0.0
6836,F36252,5569,C,3.0,2021-09-27 11:29:19.587,2021-09-27,2021-09-24 00:00:00,2021-09-27,2021-09-29,3270.59,0.0,0.0
6846,F36262,8464,C,2.0,2021-09-28 12:27:35.713,2021-09-28,2021-09-28 00:00:00,2021-09-28,2021-09-29,226.5328,0.0,0.0
6919,F36335,1852,C,2.0,2021-10-05 13:05:03.690,2021-10-05,2021-10-05 00:00:00,2021-11-04,2021-10-05,10863.6,0.0,0.0
6922,F36338,6828,C,2.0,2021-10-05 13:30:40.887,2021-10-05,2021-08-27 00:00:00,2021-10-05,2021-10-05,1799.8500000000001,0.0,0.0
6943,F36359,2390,C,2.0,2021-10-07 11:58:54.157,2021-10-07,2021-10-07 00:00:00,2021-11-21,2021-10-11,1200.0,0.0,0.0
6955,F36371,1485,C,2.0,2021-10-08 09:51:23.823,2021-10-08,2021-10-08 00:00:00,2021-10-08,2021-10-11,6460.000000000001,0.0,0.0
7133,F36549,8481,C,2.0,2021-10-29 16:50:53.997,2021-10-29,2021-10-29 00:00:00,2021-10-29,2021-10-29,431.038,0.0,0.0
7144,F36560,5926,C,2.0,2021-10-29 18:04:45.553,2021-10-29,2021-10-29 00:00:00,2021-10-29,2021-11-02,343.75800000000004,0.0,0.0
7152,F36568,8496,C,1.0,2021-11-03 10:31:23.073,2021-11-03,2021-11-02 00:00:00,2021-11-03,2021-11-03,425.00000000000006,0.0,0.0
7161,F36577,8496,C,1.0,2021-11-04 08:49:28.890,2021-11-04,2021-11-02 00:00:00,2021-11-04,2021-11-04,425.00000000000006,0.0,0.0
7211,F36627,8511,C,2.0,2021-11-10 08:51:50.983,2021-11-10,2021-11-10 00:00:00,2021-11-10,2021-11-10,5800.0,0.0,0.0
7242,F36658,6607,C,2.0,2021-11-12 10:46:40.210,2021-11-12,2021-10-29 00:00:00,2021-11-12,2021-11-12,4845.0,0.0,0.0
7249,F36665,5740,C,3.0,2021-11-12 13:25:09.010,2021-11-12,2021-11-08 00:00:00,2021-11-12,2021-11-12,5569.250000000001,0.0,0.0
7286,F36702,466,C,1.0,2021-11-18 12:08:44.457,2021-11-18,2021-11-12 00:00:00,2022-01-17,2021-11-18,42799.020000000004,0.0,0.0
7302,F36718,3926,C,1.0,2021-11-22 10:20:54.167,2021-11-22,2021-11-22 00:00:00,2021-12-22,2021-11-22,2904.0,0.0,0.0
7303,F36719,1016,C,3.0,2021-11-22 10:27:03.767,2021-11-22,2021-11-17 00:00:00,2021-12-22,2021-11-25,7500.017000000001,0.0,0.0
7386,F36802,8503,C,3.0,2021-11-30 13:28:51.043,2021-11-30,2021-11-26 00:00:00,2021-11-30,2021-11-30,14000.000000000002,0.0,0.0
7388,F36804,5926,C,2.0,2021-11-30 15:01:33.553,2021-11-30,2021-11-30 00:00:00,2021-11-30,2021-11-30,862.0690000000001,0.0,0.0
7408,F36824,5926,C,2.0,2021-11-30 17:29:52.050,2021-11-30,2021-11-30 00:00:00,2021-11-30,2021-12-01,889.6600000000001,0.0,0.0
7489,F36905,5926,C,2.0,2021-12-09 17:39:17.460,2021-12-09,2021-12-09 00:00:00,2021-12-09,2021-12-09,177.05760000000004,0.0,0.0
7520,F36936,8538,C,3.0,2021-12-16 11:43:10.613,2021-12-16,2021-12-16 00:00:00,2021-12-16,2021-12-16,18500.0,0.0,0.0
7538,F36954,8452,C,2.0,2021-12-17 15:34:03.533,2021-12-17,2021-12-17 00:00:00,2021-12-17,2021-12-20,2999.7204,0.0,0.0
7561,F36977,1965,C,3.0,2021-12-22 11:31:06.180,2021-12-22,2021-12-22 00:00:00,2022-01-21,2021-12-22,5150.0,772.5,0.0
7566,F36982,8523,C,1.0,2021-12-22 13:00:57.697,2021-12-22,2021-11-26 00:00:00,2022-01-21,2021-12-22,6620.599999999999,0.0,0.0
7629,F37045,8316,C,3.0,2022-01-05 12:20:29.950,2022-01-05,2022-01-05 00:00:00,2022-01-05,2022-02-02,316.91,0.0,0.0
7631,F37047,8316,C,2.0,2022-01-05 13:51:43.517,2022-01-05,2022-01-05 00:00:00,2022-01-05,2022-01-13,283.5,0.0,0.0
7659,F37075,2624,C,3.0,2022-01-07 13:33:53.190,2022-01-07,2022-01-07 00:00:00,2022-01-07,2022-01-25,1756.0400000000002,0.0,0.0
7720,F37136,8251,C,2.0,2022-01-18 14:14:52.287,2022-01-18,2022-01-18 00:00:00,2022-01-18,2022-01-18,1716.0,0.0,0.0
7780,F37196,8558,C,2.0,2022-01-26 12:43:17.550,2022-01-26,2022-01-26 00:00:00,2022-01-26,2022-01-26,1350.0,0.0,0.0
7809,F37225,3926,C,1.0,2022-01-31 11:22:00.883,2022-01-31,2022-01-31 00:00:00,2022-03-02,2022-01-31,2904.0,0.0,0.0
7835,F37251,3926,C,1.0,2022-02-01 14:32:31.330,2022-02-01,2022-01-31 00:00:00,2022-03-03,2022-02-01,2904.0,0.0,0.0
7864,F37280,361,C,2.0,2022-02-03 16:09:35.970,2022-02-03,2022-01-21 00:00:00,2022-02-03,2022-02-17,2483.25,0.0,0.0
7893,F37309,1965,C,2.0,2022-02-09 09:34:09.127,2022-02-09,2022-02-08 00:00:00,2022-03-11,2022-02-09,6625.5,993.83,0.0
7912,F37328,8574,C,2.0,2022-02-10 12:20:57.307,2022-02-10,2022-02-10 00:00:00,2022-02-10,2022-02-10,347.2875,0.0,0.0
7918,F37334,8523,C,1.0,2022-02-10 16:45:38.220,2022-02-10,2022-02-10 00:00:00,2022-03-12,2022-06-17,6620.599999999999,0.0,0.0
7944,F37360,8503,C,3.0,2022-02-14 17:33:46.920,2022-02-14,2022-02-14 00:00:00,2022-02-14,2022-02-14,14000.000000000002,0.0,0.0
7990,F37406,8260,C,3.0,2022-02-17 17:51:09.127,2022-02-17,2022-02-14 00:00:00,2022-02-17,2022-02-18,30589.125304999998,0.0,0.0
8015,F37431,6895,C,2.0,2022-02-22 11:43:28.807,2022-02-22,2022-02-22 00:00:00,2022-02-22,2022-02-22,6795.233000000001,0.0,0.0
8078,F37494,1943,C,2.0,2022-02-28 11:34:00.367,2022-02-28,2022-02-28 00:00:00,2022-02-28,2022-02-28,89.68,0.0,0.0
8080,F37496,7098,C,2.0,2022-02-28 11:39:58.423,2022-02-28,2022-02-15 00:00:00,2022-02-28,2022-02-28,2500.8,0.0,0.0
8081,F37497,1943,C,2.0,2022-02-28 12:05:42.377,2022-02-28,2022-02-28 00:00:00,2022-02-28,2022-02-28,89.68,0.0,0.0
8150,F37566,8602,C,2.0,2022-03-08 09:46:29.367,2022-03-08,2022-03-08 00:00:00,2022-03-08,2022-03-09,95.00000000000001,0.0,0.0
8205,F37621,5095,C,2.0,2022-03-15 09:31:10.310,2022-03-15,2022-03-15 00:00:00,2022-03-15,2022-03-15,385.0,0.0,0.0
8331,F37747,8625,C,2.0,2022-03-28 16:48:27.217,2022-03-28,2022-03-28 00:00:00,2022-03-28,2022-03-29,486.00000000000006,0.0,0.0
8349,F37765,8525,C,2.0,2022-03-30 13:48:52.253,2022-03-30,2022-02-24 00:00:00,2022-03-30,2022-03-30,387.93,0.0,0.0
8350,F37766,8525,C,2.0,2022-03-30 13:53:50.633,2022-03-30,2021-12-08 00:00:00,2022-03-30,2022-03-30,1020.0000000000001,0.0,0.0
8355,F37771,8630,C,2.0,2022-03-30 16:16:43.690,2022-03-30,2022-03-30 00:00:00,2022-03-30,2022-03-30,597.4200000000001,0.0,0.0
8541,F37957,3912,C,6.0,2022-04-22 15:48:10.587,2022-04-22,2022-04-22 00:00:00,2022-05-22,2022-04-28,1700.0000000000002,0.0,0.0
8586,F38002,2309,C,3.0,2022-04-27 14:23:32.617,2022-04-27,2022-04-15 00:00:00,2022-05-27,2022-04-27,39300.0,0.0,0.0
8675,F38091,2548,C,1.0,2022-05-05 13:43:43.307,2022-05-05,2022-05-05 00:00:00,2022-05-05,2022-05-11,25075.000000000004,0.0,0.0
8677,F38093,2548,C,1.0,2022-05-05 14:10:02.987,2022-05-05,2022-05-11 00:00:00,2022-05-05,2022-05-11,9940.0,0.0,0.0
8682,F38098,1982,C,2.0,2022-05-06 10:55:53.770,2022-05-06,2022-04-28 00:00:00,2022-05-06,2022-05-06,1350.0,0.0,0.0
8844,F38260,4557,C,2.0,2022-05-30 14:15:16.200,2022-05-30,2022-05-30 00:00:00,2022-05-30,2022-05-30,519.7,0.0,0.0
8876,F38292,8605,C,2.0,2022-06-01 17:57:40.150,2022-06-01,2022-05-30 00:00:00,2022-06-01,2022-06-02,775.6,0.0,0.0
8892,F38308,6289,C,2.0,2022-06-03 12:24:52.263,2022-06-03,2022-06-03 00:00:00,2022-06-03,2022-06-07,8600.0,0.0,0.0
8914,F38330,4558,C,2.0,2022-06-07 15:10:24.110,2022-06-07,2022-06-07 00:00:00,2022-06-07,2022-06-07,490.0,0.0,0.0
9000,F38416,8693,C,2.0,2022-06-20 12:54:05.333,2022-06-20,2022-06-20 00:00:00,2022-06-20,2022-06-20,620.0,0.0,0.0
9035,F38451,5926,C,2.0,2022-06-24 10:37:50.700,2022-06-24,2022-06-23 00:00:00,2022-06-24,2022-06-24,75.30000000000001,0.0,0.0
9102,F38518,1852,C,1.0,2022-07-04 13:35:36.653,2022-07-04,2022-07-04 00:00:00,2022-08-03,2022-07-04,5110.8486,0.0,0.0
9277,F38693,8712,C,2.0,2022-07-28 15:34:27.177,2022-07-28,2022-07-12 00:00:00,2022-07-28,2022-07-28,517.24,0.0,0.0
9341,F38757,8631,C,2.0,2022-08-08 11:24:21.917,2022-08-08,2022-08-08 00:00:00,2022-08-08,2022-08-11,145.0,0.0,0.0
9439,F38855,357,C,2.0,2022-08-19 10:04:03.223,2022-08-19,2022-08-12 00:00:00,2022-09-03,2022-08-19,1175.0,0.0,0.0
9444,F38860,4480,C,2.0,2022-08-19 12:32:34.127,2022-08-19,2022-08-17 00:00:00,2022-09-03,2022-08-22,155.0,0.0,0.0
9479,F38895,5833,C,2.0,2022-08-24 16:08:00.947,2022-08-24,2022-08-24 00:00:00,2022-08-24,2022-08-26,600.0,0.0,0.0
9515,F38931,1965,C,2.0,2022-08-29 14:09:28.927,2022-08-29,2022-08-29 00:00:00,2022-09-28,2022-08-30,732.7,109.91,0.0
9558,F38974,5458,C,2.0,2022-09-02 15:49:29.687,2022-09-02,2022-08-31 00:00:00,2022-09-02,2022-09-26,612.5,0.0,0.0
9584,F39000,2548,C,1.0,2022-09-07 12:06:47.467,2022-09-07,2022-09-09 00:00:00,2022-09-07,2022-09-08,4556.9,0.0,0.0
9615,F39031,1429,C,1.0,2022-09-12 11:55:01.737,2022-09-12,2022-09-12 00:00:00,2022-11-11,2022-09-26,6804.000000000001,0.0,0.0
9619,F39035,5416,C,2.0,2022-09-12 17:04:01.473,2022-09-12,2022-09-12 00:00:00,2022-09-12,2022-09-13,1572.2600000000002,0.0,0.0
9643,F39059,8649,C,2.0,2022-09-14 13:19:02.657,2022-09-14,2022-09-13 00:00:00,2022-09-14,2022-09-15,1848.9,0.0,0.0
9652,F39068,8488,C,2.0,2022-09-15 12:47:24.893,2022-09-15,2022-09-14 00:00:00,2022-09-15,2022-09-26,974.4,0.0,0.0
9750,F39166,6282,C,2.0,2022-09-28 10:05:19.127,2022-09-28,2022-09-28 00:00:00,2022-09-28,2022-09-28,675.0,0.0,0.0
9802,F39218,8766,C,2.0,2022-09-30 18:49:19.120,2022-09-30,2022-09-30 00:00:00,2022-09-30,2022-09-30,699.5000000000001,0.0,0.0
9812,F39228,8767,C,1.0,2022-10-03 09:26:55.620,2022-10-03,2022-10-03 00:00:00,2022-10-03,2022-10-03,965.4,0.0,0.0
9897,F39313,8503,C,3.0,2022-10-17 07:51:23.417,2022-10-17,2022-10-17 00:00:00,2022-10-17,2022-11-10,14000.000000000002,0.0,0.0
9903,F39319,7005,C,2.0,2022-10-17 16:17:01.500,2022-10-17,2022-10-14 00:00:00,2022-10-17,2022-10-17,4568.62,0.0,0.0
9914,F39330,4649,C,2.0,2022-10-18 14:49:08.747,2022-10-18,2022-10-18 00:00:00,2022-10-18,2022-10-18,1425.0,0.0,0.0
9921,F39337,5926,C,2.0,2022-10-19 10:11:33.577,2022-10-19,2022-10-19 00:00:00,2022-10-19,2022-10-19,674.6543,0.0,0.0
9976,F39392,4958,C,2.0,2022-10-25 12:24:45.543,2022-10-25,2022-10-25 00:00:00,2022-10-25,2022-10-25,366.40000000000003,0.0,0.0
10076,F39492,8246,C,1.0,2022-11-04 10:39:25.693,2022-11-04,2022-11-04 00:00:00,2022-11-19,2022-11-04,17450.0,0.0,0.0
10088,F39504,4623,C,2.0,2022-11-07 10:00:53.553,2022-11-07,2022-10-20 00:00:00,2022-11-07,2022-11-07,5132.3,0.0,0.0
10092,F39508,8449,C,2.0,2022-11-07 12:21:45.367,2022-11-07,2022-11-07 00:00:00,2022-11-07,2022-11-07,399.00000000000006,0.0,0.0
10105,F39521,5923,C,1.0,2022-11-08 14:34:05.157,2022-11-08,2022-11-08 00:00:00,2022-11-08,2022-11-08,350.00000000000006,0.0,0.0
10164,F39580,8503,C,3.0,2022-11-15 17:59:47.733,2022-11-15,2022-11-15 00:00:00,2022-11-15,2022-11-16,14000.000000000002,0.0,0.0
10204,F39620,4712,C,2.0,2022-11-24 10:33:22.060,2022-11-24,2022-09-28 00:00:00,2023-01-08,2022-11-24,19962.2,0.0,0.0
10210,F39626,8801,C,2.0,2022-11-24 13:04:25.170,2022-11-24,2022-11-24 00:00:00,2022-11-24,2022-11-24,5309.11,0.0,0.0
10222,F39638,8449,C,2.0,2022-11-25 14:51:11.537,2022-11-25,2022-11-25 00:00:00,2022-11-25,2022-11-25,661.6971000000001,0.0,0.0
10292,F39708,8699,C,2.0,2022-12-07 10:14:17.687,2022-12-07,2022-12-07 00:00:00,2022-12-07,2022-12-07,248.28,0.0,0.0
10293,F39709,6483,C,2.0,2022-12-07 10:23:49.843,2022-12-07,2022-12-06 00:00:00,2022-12-07,2022-12-07,864.6625,0.0,0.0
10294,F39710,4467,C,2.0,2022-12-07 10:27:14.223,2022-12-07,2022-12-06 00:00:00,2022-12-07,2022-12-07,120.0,0.0,0.0
10295,F39711,3931,C,2.0,2022-12-07 12:36:24.287,2022-12-07,2022-11-29 00:00:00,2022-12-07,2022-12-07,1500.7993000000001,0.0,0.0
10299,F39715,2029,C,1.0,2022-12-07 14:09:36.257,2022-12-07,2022-12-02 00:00:00,2022-12-22,2022-12-07,41731.58,0.0,0.0
10367,F39783,6603,C,6.0,2022-12-16 17:26:59.580,2022-12-16,2022-12-16 00:00:00,2022-12-16,2022-12-16,760.0000000000001,0.0,0.0
10373,F39789,1690,C,6.0,2022-12-19 16:45:39.337,2022-12-19,2022-12-19 00:00:00,2022-12-19,2022-12-21,699.0,0.0,0.0
10380,F39796,1690,C,6.0,2022-12-20 17:21:38.807,2022-12-20,2022-12-19 00:00:00,2022-12-20,2022-12-20,76.16000000000001,0.0,0.0
10423,F39839,6839,C,2.0,2022-12-23 16:36:02.357,2022-12-23,2023-01-04 00:00:00,2022-12-23,2022-12-23,5190.84,0.0,0.0
10435,F39851,8818,C,3.0,2023-01-03 14:30:04.693,2023-01-03,2022-12-20 00:00:00,2023-01-03,2023-01-03,79955.0,0.0,0.0
10436,F39852,8818,C,3.0,2023-01-03 16:24:28.577,2023-01-03,2022-12-20 00:00:00,2023-01-03,2023-01-04,80544.0,0.0,0.0
10439,F39855,8818,C,3.0,2023-01-04 11:42:03.967,2023-01-04,2023-01-04 00:00:00,2023-01-04,2023-01-06,80544.0,0.0,0.0
10520,F39936,8763,C,2.0,2023-01-18 11:51:49.263,2023-01-18,2023-01-18 00:00:00,2023-01-18,2023-01-18,735.0000000000001,0.0,0.0
10540,F39956,5472,C,2.0,2023-01-20 11:25:19.853,2023-01-20,2023-01-12 00:00:00,2023-01-20,2023-02-20,90456.66,0.0,0.0
10555,F39971,8397,C,2.0,2023-01-23 15:34:34.627,2023-01-23,2023-01-23 00:00:00,2023-01-23,2023-01-24,3985.56,0.0,0.0
10665,F40081,5923,C,2.0,2023-02-03 12:15:33.373,2023-02-03,2023-01-25 00:00:00,2023-02-03,2023-02-07,1870.8,0.0,0.0
10671,F40087,2483,C,2.0,2023-02-07 11:40:15.027,2023-02-07,2023-02-03 00:00:00,2023-02-07,2023-02-07,550.0,0.0,0.0
10677,F40093,5936,C,2.0,2023-02-07 14:19:08.020,2023-02-07,2023-02-07 00:00:00,2023-03-09,2023-02-09,903.073,0.0,0.0
10680,F40096,8708,C,6.0,2023-02-07 16:41:23.167,2023-02-07,2023-02-07 00:00:00,2023-02-28,2023-02-08,19790.0,0.0,0.0
10720,F40136,6381,C,2.0,2023-02-14 13:17:22.143,2023-02-14,2023-02-14 00:00:00,2023-02-14,2023-02-14,4172.0,0.0,0.0
10823,F40239,5416,C,2.0,2023-02-24 16:32:26.607,2023-02-24,2023-02-23 00:00:00,2023-02-24,2023-02-24,3815.4400000000005,0.0,0.0
